"2、刘亦菲刘亦菲的父亲叫做安[MASK]，但气质斯文，性格比较内向"中[MASK]位置的文本是：	少康，据说安先生相貌普通，戴着一副眼镜
"林枝春[MASK]青圃，闽县林浦乡（今福州市仓山区城门镇林浦村）人"中[MASK]位置的文本是：	(1699～1762年)字继仁，号
"人物生平早年莫那[MASK]克族马赫坡社（Mehebu）部落头目"中[MASK]位置的文本是：	·鲁道，为赛德
"《奇域》1是由江苏[MASK]人文地理4K纪录片，影片由余晓勇、张然执导，自2015年4月起，经过3个月策划、2个月跨国拍摄、10个月电影级后期制作最终完成"中[MASK]位置的文本是：	有线华博在线传媒公司、深圳祖师汇科技股份有限公司、上海月皎影视文化有限公司联合出品的
"[MASK]，著名画家，毕业于中央美术学院"中[MASK]位置的文本是：	任之
"广东桥头镇位于东莞市东北部，[MASK]，全镇总面积56平方公里，常住人口10多万人，是闻名中外的供水香港工程的源头"中[MASK]位置的文本是：	地处东江南岸，毗邻惠州市，属埔田地区
"令庄泳与沈坚强骄傲的是，儿子似乎是受到了冠军父母[MASK]小家伙对水特别亲近"中[MASK]位置的文本是：	的遗传，
"四川夕蚖，Hesperentomon sichuanensis [MASK]科夕蚖属的一种节肢动物"中[MASK]位置的文本是：	（Tang et Yin,1988），是蚖目夕蚖
"赤点[MASK]俗名为石斑、红斑，为辐鳍鱼纲鲈形目鲈亚目鮨科的其中一个种"中[MASK]位置的文本是：	石斑鱼，学名Epinephelus akaara，
"王菲就像是上天给的礼物啊为了告诉每个人你要活的真，不在青春里，也永远的真PART 3近两年只要一提到窦靖童大家都会觉得是个有才华的酷girl20岁的小姑娘[MASK]是分不开的当记者与她谈到青春期叛逆时，她说：“我们家不管年龄大小，包括我妹妹，大家交流、决定事情，都是非常平等的，所以我没必要去叛逆"中[MASK]位置的文本是：	，在特立独行的外表下温和又懂事，待人接物都体现出很高的素养这与妈妈王菲带给她的影响
"吴秀波，属于大器晚成的实力派演员，虽然出演过多部作品，但是《黎明之前》热播后才使他一举成名，这次是他和于和伟的第三次合作，二人第一次合作是在抗战电视剧《搜索连》中[MASK]曹操回望了一眼，从此与曹氏结下了不解之缘，那么《猎毒人》中他们是敌是友，还是要在电视剧热播后才能见分晓"中[MASK]位置的文本是：	，于和伟在剧中出演了一位国民党师长，吴秀波饰演了一位商人，第二次合作就是在《大军师司马懿之军师联盟》中，于和伟出演曹操，吴秀波饰演司马懿，由于司马懿对
"严格考验利汉清1950年于中山大学[MASK]分配到广东省建筑工程公司工作"中[MASK]位置的文本是：	工学院土木工程系毕业之后，被
"《无悔豪情》是2005年上映的中国大陆侦探悬疑[MASK]执导，张页川、傅冲及范雨林等主演"中[MASK]位置的文本是：	电影，由丁鹂
"周丽华，1980-1986中山医科大学医学学士， 1986-1989中山医科大学人体[MASK]人体解剖学博士学位"中[MASK]位置的文本是：	解剖学硕士， 1990-1993中山医科大学
"《完美的[MASK]的创作牌，但可以算是专辑中的平淡"中[MASK]位置的文本是：	一天》虽然挂着铁风筝吉他手虞洋
"但清代皇帝素来提倡节俭，自己吃饭的时候，这些额食多是以各种肉食和糕饼堆砌，单用两三张桌子进行陈列而已，即便是[MASK]也就负责了这一路精致美食的传承，而在封建社会覆灭后，这项绝技又悄悄地流入了民间"中[MASK]位置的文本是：	生活比较奢华的乾隆，他的“额食”也多以羊肉二方、饽饽六品、盘肉二品为主，前朝的那些精美的看盘，也主要出现在元旦宴、冬至宴这样最大型的国宴当中，这些大宴的承包单位，光禄寺，
"[MASK]歌曲，歌曲收录在第二张粤语专辑《EVERYTHING》中，为该专辑第五首歌曲，1990年发行"中[MASK]位置的文本是：	《斗快说笑话》是王菲（曾用艺名：王靖雯）演唱的
"胡安·贝尔纳特·贝拉斯科（西班牙语[MASK]1993年3月1日－），西班牙足球运动员，现时效力德甲俱乐部拜仁慕尼黑，通常司职左后卫，亦可以担任边锋"中[MASK]位置的文本是：	：JuanBernatVelasco，
"李成梁（1526年[MASK]），字汝契_图万历二年，李成梁正式对蛮横已久的王杲发起总攻"中[MASK]位置的文本是：	—1615年
"说到郑智化我觉得大家都非常的熟悉，《水手》和《星星[MASK]很多的好听的歌曲都流传至今，从小患有小儿麻痹症的他，被我们当做是心目中的偶像，虽然他早早的退出歌坛，但是他却一直在关注着整个音乐圈的情况"中[MASK]位置的文本是：	点灯》都是我们耳熟能详的歌曲，
